{
  "hash": "31766311",
  "configHash": "dad6c331",
  "lockfileHash": "76e11d8b",
  "browserHash": "9361b783",
  "optimized": {
    "@angular/core": {
      "src": "../../../../../../node_modules/@angular/core/fesm2022/core.mjs",
      "file": "@angular_core.js",
      "fileHash": "2b2fa98f",
      "needsInterop": false
    },
    "@angular/platform-browser": {
      "src": "../../../../../../node_modules/@angular/platform-browser/fesm2022/platform-browser.mjs",
      "file": "@angular_platform-browser.js",
      "fileHash": "e6bdc73e",
      "needsInterop": false
    },
    "@angular/platform-server": {
      "src": "../../../../../../node_modules/@angular/platform-server/fesm2022/platform-server.mjs",
      "file": "@angular_platform-server.js",
      "fileHash": "b75f14dd",
      "needsInterop": false
    },
    "@angular/router": {
      "src": "../../../../../../node_modules/@angular/router/fesm2022/router.mjs",
      "file": "@angular_router.js",
      "fileHash": "069e80af",
      "needsInterop": false
    }
  },
  "chunks": {
    "chunk-RWHUT4AK": {
      "file": "chunk-RWHUT4AK.js"
    },
    "chunk-TW4XVQZD": {
      "file": "chunk-TW4XVQZD.js"
    },
    "xhr2-ISERFGGE": {
      "file": "xhr2-ISERFGGE.js"
    },
    "chunk-NQ4HTGF6": {
      "file": "chunk-NQ4HTGF6.js"
    }
  }
}